order_id,order_date,region,channel,units,unit_price,discount,revenue
10001,2025-01-01,South,Partner,29.0,19.65,0.145,487.22
10002,2025-01-01,West,Retail,4.0,13.21,0.042,50.62
10003,2025-01-02,East,Online,6.0,20.87,0.021,122.59
10004,2025-01-02,North,Online,28.0,25.32,0.035,684.15
10005,2025-01-03,North,Online,2.0,19.64,0.067,36.65
10006,2025-01-03,West,Online,12.0,19.33,0.053,219.67
10007,2025-01-04,North,Online,33.0,21.85,0.036,695.09
10008,2025-01-04,East,Online,36.0,21.39,0.022,753.1
10009,2025-01-05,East,Partner,20.0,23.13,0.136,399.69
10010,2025-01-05,South,Online,35.0,17.71,0.053,587.0
10011,2025-01-06,North,Partner,35.0,20.78,0.16,610.93
10012,2025-01-06,North,Retail,37.0,23.88,0.07,821.71
10013,2025-01-07,North,Partner,10.0,23.63,0.125,206.76
10014,2025-01-07,South,Online,10.0,17.56,0.078,161.9
10015,2025-01-08,South,Online,26.0,16.73,0.053,411.93
10016,2025-01-08,South,Retail,1.0,19.71,0.072,18.29
10017,2025-01-09,West,Online,11.0,17.75,0.044,186.66
10018,2025-01-09,East,Online,16.0,26.57,0.057,400.89
10019,2025-01-10,South,Retail,35.0,25.64,0.067,837.27
10020,2025-01-10,West,Retail,38.0,20.11,0.007,758.83
10021,2025-01-11,North,Online,14.0,21.91,0.038,295.08
10022,2025-01-11,North,Online,30.0,21.57,0.048,616.04
10023,2025-01-12,South,Partner,22.0,16.86,0.117,327.52
10024,2025-01-12,North,Online,3.0,19.73,0.063,55.46
10025,2025-01-13,North,Retail,16.0,19.49,0.057,294.07
10026,2025-01-13,South,Online,28.0,18.01,0.075,466.46
10027,2025-01-14,South,Retail,28.0,17.93,0.03,486.98
10028,2025-01-14,West,Online,36.0,19.86,0.038,687.79
10029,2025-01-15,South,Retail,25.0,18.0,0.073,417.15
10030,2025-01-15,South,Online,38.0,18.51,0.033,680.17
10031,2025-01-16,South,Retail,18.0,15.95,0.067,267.86
10032,2025-01-16,North,Retail,28.0,26.11,0.034,706.22
10033,2025-01-17,North,Online,25.0,23.27,0.027,566.04
10034,2025-01-17,North,Online,34.0,26.47,0.022,880.18
10035,2025-01-18,East,Retail,37.0,25.99,0.017,945.28
10036,2025-01-18,North,Retail,33.0,25.72,0.035,819.05
10037,2025-01-19,South,Online,38.0,18.38,0.013,689.36
10038,2025-01-19,North,Retail,14.0,23.79,0.066,311.08
10039,2025-01-20,East,Online,39.0,30.76,0.078,1106.07
10040,2025-01-20,North,Partner,4.0,18.94,0.106,67.73
10041,2025-01-21,North,Online,15.0,24.94,0.004,372.6
10042,2025-01-21,West,Retail,29.0,22.24,0.0,644.96
10043,2025-01-22,South,Retail,,20.05,0.075,463.66
10044,2025-01-22,East,Retail,6.0,25.91,0.006,154.53
10045,2025-01-23,South,Online,27.0,22.2,0.054,567.03
10046,2025-01-23,East,Retail,15.0,22.32,0.024,326.76
10047,2025-01-24,North,Retail,32.0,23.04,0.016,725.48
10048,2025-01-24,South,Online,39.0,16.78,0.02,641.33
10049,2025-01-25,South,Online,,17.27,0.055,130.56
10050,2025-01-25,West,Partner,22.0,16.42,0.149,307.42
10051,2025-01-26,South,Retail,2.0,18.63,0.069,34.69
10052,2025-01-26,South,Online,21.0,19.37,0.045,388.47
10053,2025-01-27,North,Retail,33.0,23.16,0.019,749.76
10054,2025-01-27,South,Online,37.0,15.37,0.017,559.02
10055,2025-01-28,North,Online,,27.07,0.052,795.53
10056,2025-01-28,North,Partner,12.0,24.96,0.17,248.6
10057,2025-01-29,East,Online,,25.86,0.025,378.2
10058,2025-01-29,South,Online,,18.08,0.027,686.08
10059,2025-01-30,West,Online,31.0,17.77,0.037,530.49
10060,2025-01-30,South,Online,36.0,20.4,0.073,680.79
10061,2025-01-31,South,Online,10.0,20.05,0.043,191.88
10062,2025-01-31,South,Online,15.0,14.7,0.067,205.73
10063,2025-02-01,East,Online,33.0,25.9,0.051,811.11
10064,2025-02-01,North,Online,13.0,29.47,0.045,365.87
10065,2025-02-02,South,Online,30.0,14.27,0.039,411.4
10066,2025-02-02,North,Online,5.0,24.55,0.054,116.12
10067,2025-02-03,South,Retail,3.0,19.95,0.039,57.52
10068,2025-02-03,North,Partner,36.0,21.71,0.064,731.54
10069,2025-02-04,West,Online,12.0,21.52,0.015,254.37
10070,2025-02-04,North,Retail,8.0,18.97,0.026,147.81
10071,2025-02-05,East,Retail,10.0,24.42,0.07,227.11
10072,2025-02-05,North,Online,1.0,25.75,0.032,24.93
10073,2025-02-06,West,Online,30.0,17.49,0.067,489.55
10074,2025-02-06,East,Partner,35.0,22.93,0.191,649.26
10075,2025-02-07,North,Online,1.0,22.29,0.046,21.26
10076,2025-02-07,East,Retail,24.0,22.86,0.008,544.25
10077,2025-02-08,West,Online,15.0,21.97,0.061,309.45
10078,2025-02-08,West,Retail,27.0,15.67,0.053,400.67
10079,2025-02-09,South,Partner,28.0,21.24,0.179,488.27
10080,2025-02-09,North,Partner,29.0,18.78,0.156,459.66
10081,2025-02-10,north,Online,2.0,23.72,0.039,45.59
10082,2025-02-10,West,Retail,2.0,17.73,0.005,35.28
10083,2025-02-11,South,Online,37.0,12.36,0.005,455.03
10084,2025-02-11,North,Retail,4.0,21.98,0.018,86.34
10085,2025-02-12,West,Online,20.0,15.26,0.049,290.25
10086,2025-02-12,South,Online,20.0,17.86,0.065,333.98
10087,2025-02-13,South,Retail,15.0,22.95,0.008,341.5
10088,2025-02-13,South,Online,2.0,16.13,0.002,32.2
10089,2025-02-14,South,Online,7.0,16.28,0.05,108.26
10090,2025-02-14,North,Partner,20.0,25.7,0.091,467.23
10091,2025-02-15,North,Online,5.0,22.3,0.035,107.6
10092,2025-02-15,West,Online,29.0,21.96,0.066,594.81
10093,2025-02-16,South,Online,34.0,19.83,0.074,624.33
10094,2025-02-16,South,Online,26.0,16.73,0.077,401.49
10095,2025-02-17,North,Online,33.0,21.83,0.062,675.73
10096,2025-02-17,East,Retail,25.0,27.16,0.0,679.0
10097,2025-02-18,North,Partner,28.0,24.42,0.099,616.07
10098,2025-02-18,South,Retail,2.0,19.0,0.047,36.21
10099,2025-02-19,North,Retail,22.0,22.13,0.076,449.86
10100,2025-02-19,North,Online,10.0,21.71,0.007,215.58
10101,2025-02-20,West,Retail,8.0,16.51,0.041,126.66
10102,2025-02-20,East,Retail,36.0,28.96,0.032,1009.2
10103,2025-02-21,South,Retail,,19.02,0.033,606.95
10104,2025-02-21,South,Retail,5.0,16.09,0.021,78.76
10105,2025-02-22,West,Retail,39.0,16.77,0.022,639.64
10106,2025-02-22,North,Online,21.0,23.87,0.019,491.75
10107,2025-02-23,South,Retail,25.0,20.65,0.008,512.12
10108,2025-02-23,East,Online,,23.65,0.044,45.22
10109,2025-02-24,South,Online,35.0,17.28,0.036,583.03
10110,2025-02-24,South,Retail,37.0,19.06,0.057,665.02
10111,2025-02-25,East,Retail,30.0,19.7,0.051,560.86
10112,2025-02-25,north,Online,7.0,14.65,0.076,94.76
10113,2025-02-26,North,Retail,21.0,24.05,0.027,491.41
10114,2025-02-26,West,Retail,16.0,16.77,0.071,249.27
10115,2025-02-27,North,Online,16.0,22.96,0.031,355.97
10116,2025-02-27,East,Online,22.0,27.13,0.053,565.23
10117,2025-02-28,East,Online,28.0,25.67,0.064,672.76
10118,2025-02-28,North,Retail,29.0,22.05,0.032,618.99
10119,2025-03-01,South,Retail,10.0,24.47,0.036,235.89
10120,2025-03-01,East,Retail,37.0,25.72,0.051,903.11
10121,2025-03-02,North,Online,18.0,21.09,0.009,98000.0
10122,2025-03-02,South,Retail,29.0,20.88,0.043,87000.0
10123,2025-03-03,East,Partner,34.0,25.05,0.103,763.97
10124,2025-03-03,South,Online,14.0,16.8,0.018,230.97
10125,2025-03-04,East,Online,34.0,24.19,0.05,781.34
10126,2025-03-04,North,Online,3.0,21.58,0.078,59.69
10127,2025-03-05,North,Retail,12.0,16.95,0.08,187.13
10128,2025-03-05,South,Partner,28.0,18.56,0.193,419.38
10129,2025-03-06,North,Online,30.0,21.27,0.012,630.44
10130,2025-03-06,North,Online,,20.87,0.041,760.54
10131,2025-03-07,West,Online,17.0,13.77,0.035,225.9
10132,2025-03-07,South,Online,1.0,18.09,0.03,17.55
10133,2025-03-08,North,Partner,18.0,21.9,0.139,339.41
10134,2025-03-08,North,Online,31.0,22.26,0.057,650.73
10135,2025-03-09,West,Online,5.0,15.08,0.045,72.01
10136,2025-03-09,South,Online,7.0,20.63,0.05,137.19
10137,2025-03-10,West,Retail,17.0,14.88,0.047,241.07
10138,2025-03-10,South,Retail,18.0,18.42,0.054,313.66
10139,2025-03-11,South,Online,18.0,22.35,0.074,372.53
10140,2025-03-11,West,Online,21.0,16.22,0.076,314.73
10141,2025-03-12,East,Online,24.0,22.69,0.078,502.08
10142,2025-03-12,South,Partner,24.0,21.76,0.152,442.86
10143,2025-03-13,South,Retail,17.0,18.01,0.008,303.72
10144,2025-03-13,West,Online,39.0,17.24,0.036,648.16
10145,2025-03-14,South,Retail,20.0,19.57,0.063,366.74
10146,2025-03-14,West,Online,27.0,20.7,0.024,545.49
10147,2025-03-15,North,Retail,26.0,16.34,0.049,404.02
10148,2025-03-15,South,Online,16.0,16.87,0.004,268.84
10149,2025-03-16,South,Partner,25.0,16.41,0.066,383.17
10150,2025-03-16,West,Online,28.0,15.21,0.032,412.25
10151,2025-03-17,North,Online,19.0,19.81,0.006,374.13
10152,2025-03-17,East,Retail,19.0,21.85,0.034,401.03
10153,2025-03-18,East,Retail,24.0,24.77,0.018,583.78
10154,2025-03-18,East,Online,17.0,21.72,0.069,343.76
10155,2025-03-19,South,Online,30.0,19.31,0.026,564.24
10156,2025-03-19,West,Online,15.0,19.03,0.03,276.89
10157,2025-03-20,North,Online,4.0,20.13,0.064,75.37
10158,2025-03-20,South,Online,20.0,19.33,0.045,369.2
10159,2025-03-21,North,Online,36.0,26.19,0.004,939.07
10160,2025-03-21,North,Online,11.0,22.83,0.017,246.86
10161,2025-03-22,North,Online,13.0,20.37,0.049,251.83
10162,2025-03-22,West,Retail,10.0,17.83,0.016,175.45
10163,2025-03-23,East,Online,37.0,21.66,0.02,785.39
10164,2025-03-23,North,Online,6.0,22.69,0.05,129.33
10165,2025-03-24,South,Online,18.0,21.21,0.04,366.51
10166,2025-03-24,South,Retail,18.0,16.91,0.022,297.68
10167,2025-03-25,South,Online,22.0,18.47,0.045,388.05
10168,2025-03-25,north,Online,12.0,26.84,0.051,305.65
10169,2025-03-26,North,Retail,30.0,20.73,0.003,620.03
10170,2025-03-26,West,Online,33.0,18.48,0.022,596.42
10171,2025-03-27,South,Partner,17.0,16.38,0.166,232.24
10172,2025-03-27,South,Partner,34.0,16.91,0.142,493.3
10173,2025-03-28,South,Online,5.0,17.69,0.004,88.1
10174,2025-03-28,North,Retail,14.0,27.44,0.028,373.4
10175,2025-03-29,North,Online,35.0,20.98,0.016,722.55
10176,2025-03-29,South,Online,25.0,17.68,0.056,417.25
10177,2025-03-30,East,Online,7.0,22.59,0.065,147.85
10178,2025-03-30,East,Retail,36.0,23.59,0.005,844.99
10179,2025-03-31,East,Partner,,25.64,0.171,743.94
10180,2025-03-31,North,Online,15.0,22.47,0.056,318.18
10181,2025-04-01,West,Retail,8.0,23.14,0.017,181.97
10182,2025-04-01,East,Online,22.0,24.53,0.073,500.26
10183,2025-04-02,north,Online,23.0,21.62,0.023,485.82
10184,2025-04-02,South,Partner,18.0,19.69,0.134,306.93
10185,2025-04-03,West,Retail,28.0,19.51,0.006,543.0
10186,2025-04-03,North,Online,26.0,18.39,0.036,460.93
10187,2025-04-04,North,Partner,31.0,21.68,0.152,569.92
10188,2025-04-04,North,Online,38.0,21.83,0.072,769.81
10189,2025-04-05,North,Online,30.0,21.39,0.067,598.71
10190,2025-04-05,North,Online,6.0,16.62,0.044,95.33
10191,2025-04-06,North,Partner,1.0,24.2,0.191,19.58
10192,2025-04-06,South,Online,38.0,18.03,0.034,661.85
10193,2025-04-07,North,Partner,32.0,20.9,0.198,536.38
10194,2025-04-07,South,Retail,26.0,18.36,0.08,439.17
10195,2025-04-08,North,Online,10.0,21.43,0.054,202.73
10196,2025-04-08,East,Retail,32.0,25.02,0.032,775.02
10197,2025-04-09,North,Online,5.0,18.82,0.029,91.37
10198,2025-04-09,North,Retail,25.0,19.67,0.061,461.75
10199,2025-04-10,West,Retail,15.0,18.73,0.008,278.7
10200,2025-04-10,South,Retail,34.0,19.36,0.065,615.45
10201,2025-04-11,East,Partner,27.0,23.06,0.066,581.53
10202,2025-04-11,East,Online,13.0,22.57,0.035,283.14
10203,2025-04-12,South,Retail,31.0,16.91,0.057,494.33
10204,2025-04-12,North,Online,28.0,21.85,0.032,592.22
10205,2025-04-13,South,Retail,10.0,21.95,0.011,217.09
10206,2025-04-13,North,Partner,11.0,19.35,0.085,194.76
10207,2025-04-14,East,Partner,16.0,27.81,0.19,360.42
10208,2025-04-14,West,Online,20.0,20.11,0.007,399.38
10209,2025-04-15,West,Online,11.0,16.87,0.035,179.08
10210,2025-04-15,North,Partner,27.0,23.96,0.156,546.0
10211,2025-04-16,North,Partner,21.0,18.34,0.173,318.51
10212,2025-04-16,North,Online,8.0,17.67,0.04,135.71
10213,2025-04-17,North,Partner,28.0,18.78,0.062,493.24
10214,2025-04-17,South,Online,3.0,17.98,0.066,50.38
10215,2025-04-18,East,Online,37.0,23.19,0.072,796.25
10216,2025-04-18,North,Retail,,20.71,0.054,607.34
10217,2025-04-19,West,Online,4.0,18.25,0.047,69.57
10218,2025-04-19,East,Online,32.0,18.66,0.047,569.06
10219,2025-04-20,North,Online,13.0,23.24,0.048,287.62
10220,2025-04-20,East,Online,26.0,20.45,0.037,512.03
10221,2025-04-21,West,Online,10.0,16.35,0.029,158.76
10222,2025-04-21,North,Online,,20.97,0.019,267.43
10223,2025-04-22,South,Retail,1.0,16.11,0.005,16.03
10224,2025-04-22,South,Retail,26.0,15.57,0.03,392.68
10225,2025-04-23,South,Retail,23.0,16.48,0.062,355.54
10226,2025-04-23,North,Retail,4.0,21.97,0.044,84.01
10227,2025-04-24,East,Online,11.0,25.47,0.013,276.53
10228,2025-04-24,South,Online,26.0,20.41,0.065,496.17
10229,2025-04-25,East,Online,32.0,21.51,0.003,686.26
10230,2025-04-25,East,Online,23.0,22.02,0.074,468.98
10231,2025-04-26,North,Retail,,19.7,0.052,130.73
10232,2025-04-26,East,Online,25.0,25.12,0.044,600.37
10233,2025-04-27,West,Online,9.0,12.91,0.033,112.36
10234,2025-04-27,West,Retail,,21.1,0.066,354.73
10235,2025-04-28,North,Online,19.0,20.79,0.001,394.61
10236,2025-04-28,North,Online,9.0,20.04,0.001,180.18
10237,2025-04-29,East,Retail,32.0,24.85,0.042,761.8
10238,2025-04-29,North,Retail,29.0,24.58,0.024,695.71
10239,2025-04-30,South,Online,5.0,19.86,0.032,96.12
10240,2025-04-30,West,Retail,,20.63,0.043,375.12
10241,2025-05-01,South,Online,5.0,19.34,0.004,96.31
10242,2025-05-01,North,Online,30.0,25.07,0.079,692.68
10243,2025-05-02,South,Retail,16.0,22.11,0.054,334.66
10244,2025-05-02,East,Online,15.0,23.75,0.008,353.4
10245,2025-05-03,North,Online,10.0,25.6,0.059,240.9
10246,2025-05-03,South,Retail,4.0,19.41,0.043,74.3
10247,2025-05-04,North,Retail,,22.22,0.055,125.99
10248,2025-05-04,East,Online,22.0,21.7,0.059,449.23
10249,2025-05-05,East,Retail,29.0,23.28,0.079,621.79
10250,2025-05-05,South,Online,25.0,20.94,0.009,518.79
10251,2025-05-06,South,Partner,9.0,15.72,0.054,133.84
10252,2025-05-06,South,Online,,20.62,0.038,714.11
10253,2025-05-07,North,Online,26.0,22.87,0.016,585.11
10254,2025-05-07,North,Online,35.0,22.69,0.03,770.33
10255,2025-05-08,North,Partner,1.0,16.48,0.089,15.01
10256,2025-05-08,South,Online,3.0,18.74,0.072,52.17
10257,2025-05-09,North,Retail,3.0,23.62,0.042,67.88
10258,2025-05-09,East,Partner,31.0,22.09,0.117,604.67
10259,2025-05-10,South,Partner,15.0,19.23,0.07,268.26
10260,2025-05-10,North,Online,11.0,16.05,0.04,169.49
10261,2025-05-11,North,Retail,24.0,23.68,0.065,531.38
10262,2025-05-11,East,Retail,28.0,22.34,0.004,623.02
10263,2025-05-12,North,Retail,18.0,24.18,0.069,405.21
10264,2025-05-12,North,Online,15.0,17.39,0.071,242.33
10265,2025-05-13,North,Online,16.0,23.73,0.001,379.3
10266,2025-05-13,North,Online,13.0,21.41,0.038,267.75
10267,2025-05-14,West,Online,15.0,20.02,0.01,297.3
10268,2025-05-14,North,Retail,20.0,19.69,0.042,377.26
10269,2025-05-15,North,Online,13.0,20.45,0.007,263.99
10270,2025-05-15,East,Online,21.0,29.61,0.071,577.66
10271,2025-05-16,South,Online,26.0,16.93,0.015,433.58
10272,2025-05-16,North,Online,28.0,20.23,0.053,536.42
10273,2025-05-17,South,Online,1.0,18.31,0.052,17.36
10274,2025-05-17,West,Partner,25.0,15.44,0.162,323.47
10275,2025-05-18,South,Online,13.0,21.98,0.017,280.88
10276,2025-05-18,East,Online,27.0,28.31,0.073,708.57
10277,2025-05-19,North,Retail,38.0,20.24,0.003,766.81
10278,2025-05-19,East,Online,15.0,19.68,0.02,289.3
10279,2025-05-20,north,Online,5.0,26.93,0.026,131.15
10280,2025-05-20,East,Partner,27.0,26.77,0.166,602.81
10281,2025-05-21,East,Partner,13.0,26.05,0.19,274.31
10282,2025-05-21,South,Retail,14.0,21.89,0.009,303.7
10283,2025-05-22,North,Online,25.0,19.83,0.046,472.95
10284,2025-05-22,South,Online,24.0,18.58,0.058,420.06
10285,2025-05-23,East,Online,2.0,20.54,0.056,38.78
10286,2025-05-23,North,Online,18.0,18.45,0.039,319.15
10287,2025-05-24,North,Online,15.0,24.45,0.025,357.58
10288,2025-05-24,South,Online,,17.32,0.001,380.66
10289,2025-05-25,East,Retail,25.0,29.7,0.043,710.57
10290,2025-05-25,West,Online,1.0,18.19,0.05,17.28
10291,2025-05-26,North,Online,3.0,20.4,0.035,59.06
10292,2025-05-26,North,Partner,20.0,23.99,0.176,395.36
10293,2025-05-27,East,Online,33.0,28.5,0.016,925.45
10294,2025-05-27,South,Online,9.0,20.22,0.065,170.15
10295,2025-05-28,East,Online,5.0,20.96,0.058,98.72
10296,2025-05-28,West,Retail,16.0,18.93,0.072,281.07
10297,2025-05-29,West,Retail,11.0,21.44,0.074,218.39
10298,2025-05-29,East,Retail,3.0,22.77,0.019,67.01
10299,2025-05-30,East,Retail,37.0,22.07,0.074,756.16
10300,2025-05-30,South,Online,26.0,21.54,0.032,542.12
10301,2025-05-31,South,Online,31.0,19.35,0.054,567.46
10302,2025-05-31,North,Retail,35.0,19.24,0.076,622.22
10303,2025-06-01,East,Partner,25.0,23.05,0.112,511.71
10304,2025-06-01,East,Retail,14.0,22.11,0.047,294.99
10305,2025-06-02,East,Retail,1.0,24.74,0.006,24.59
10306,2025-06-02,South,Retail,5.0,19.27,0.048,91.73
10307,2025-06-03,South,Online,13.0,21.88,0.019,279.04
10308,2025-06-03,South,Partner,25.0,20.77,0.109,462.65
10309,2025-06-04,North,Online,26.0,18.09,0.03,456.23
10310,2025-06-04,East,Online,5.0,25.02,0.078,115.34
10311,2025-06-05,South,Retail,11.0,21.24,0.051,221.72
10312,2025-06-05,South,Retail,35.0,20.14,0.058,664.02
10313,2025-06-06,South,Retail,12.0,21.58,0.014,255.33
10314,2025-06-06,East,Online,5.0,22.63,0.024,110.43
10315,2025-06-07,South,Online,10.0,16.62,0.07,154.57
10316,2025-06-07,East,Online,15.0,26.33,0.01,391.0
10317,2025-06-08,West,Partner,20.0,15.34,0.135,265.38
10318,2025-06-08,South,Partner,20.0,13.6,0.083,249.42
10319,2025-06-09,North,Online,5.0,24.56,0.031,118.99
10320,2025-06-09,East,Partner,5.0,22.19,0.09,100.96
10321,2025-06-10,West,Online,9.0,17.23,0.035,149.64
10322,2025-06-10,North,Online,13.0,18.51,0.038,231.49
10323,2025-06-11,East,Retail,38.0,20.69,0.034,759.49
10324,2025-06-11,East,Online,11.0,21.11,0.056,219.21
10325,2025-06-12,West,Online,14.0,17.1,0.022,234.13
10326,2025-06-12,North,Online,28.0,22.92,0.013,633.42
10327,2025-06-13,North,Retail,,16.26,0.035,219.67
10328,2025-06-13,West,Retail,39.0,19.88,0.007,769.89
10329,2025-06-14,North,Partner,20.0,19.05,0.111,338.71
10330,2025-06-14,North,Partner,15.0,19.33,0.134,251.1
10331,2025-06-15,South,Online,31.0,20.69,0.063,600.98
10332,2025-06-15,South,Online,31.0,18.81,0.009,577.86
10333,2025-06-16,East,Partner,26.0,20.16,0.168,436.1
10334,2025-06-16,North,Retail,6.0,26.61,0.062,149.76
10335,2025-06-17,West,Online,12.0,15.85,0.027,185.06
10336,2025-06-17,North,Online,23.0,22.62,0.067,485.4
10337,2025-06-18,East,Partner,15.0,24.5,0.152,311.64
10338,2025-06-18,North,Retail,17.0,25.53,0.003,432.71
10339,2025-06-19,South,Online,12.0,17.86,0.031,207.68
10340,2025-06-19,north,Retail,,24.52,0.061,276.29
10341,2025-06-20,North,Retail,19.0,20.15,0.042,366.77
10342,2025-06-20,North,Online,33.0,24.81,0.054,774.52
10343,2025-06-21,East,Partner,15.0,22.09,0.083,303.85
10344,2025-06-21,South,Partner,30.0,18.09,0.175,447.73
10345,2025-06-22,North,Online,39.0,26.74,0.044,996.97
10346,2025-06-22,West,Online,6.0,18.79,0.068,105.07
10347,2025-06-23,West,Online,37.0,18.27,0.034,653.01
10348,2025-06-23,West,Retail,12.0,23.61,0.001,283.04
10349,2025-06-24,North,Retail,4.0,22.9,0.022,89.58
10350,2025-06-24,South,Retail,32.0,16.96,0.048,516.67
10351,2025-06-25,North,Retail,1.0,23.84,0.076,22.03
10352,2025-06-25,North,Online,39.0,19.05,0.049,706.55
10353,2025-06-26,North,Retail,9.0,24.82,0.023,218.24
10354,2025-06-26,South,Online,24.0,22.01,0.079,486.51
10355,2025-06-27,North,Retail,10.0,20.57,0.032,199.12
10356,2025-06-27,North,Online,34.0,20.43,0.018,682.12
10357,2025-06-28,West,Online,28.0,18.44,0.044,493.6
10358,2025-06-28,South,Partner,39.0,19.04,0.162,622.27
10359,2025-06-29,North,Retail,31.0,19.56,0.009,600.9
10360,2025-06-29,East,Online,29.0,25.42,0.057,695.16
10361,2025-06-30,North,Online,37.0,16.9,0.055,590.91
10362,2025-06-30,South,Retail,26.0,17.92,0.078,429.58
10363,2025-07-01,North,Online,9.0,20.99,0.011,186.83
10364,2025-07-01,South,Online,9.0,18.32,0.073,152.84
10365,2025-07-02,South,Online,26.0,19.77,0.064,481.12
10366,2025-07-02,South,Retail,15.0,15.93,0.02,234.17
10367,2025-07-03,South,Online,30.0,20.47,0.038,590.76
10368,2025-07-03,East,Retail,25.0,23.55,0.05,559.31
10369,2025-07-04,West,Online,2.0,16.37,0.025,31.92
10370,2025-07-04,North,Retail,37.0,18.58,0.009,681.27
10371,2025-07-05,North,Online,38.0,19.04,0.067,675.04
10372,2025-07-05,North,Partner,12.0,22.9,0.15,233.58
10373,2025-07-06,West,Partner,12.0,15.59,0.158,157.52
10374,2025-07-06,West,Online,16.0,18.16,0.035,280.39
10375,2025-07-07,North,Online,32.0,24.65,0.072,732.01
10376,2025-07-07,West,Partner,1.0,20.58,0.182,16.83
10377,2025-07-08,North,Online,7.0,25.9,0.034,175.14
10378,2025-07-08,South,Retail,28.0,18.26,0.078,471.4
10379,2025-07-09,South,Online,17.0,16.29,0.028,269.18
10380,2025-07-09,West,Retail,18.0,20.55,0.058,348.45
10381,2025-07-10,North,Online,37.0,22.77,0.019,826.48
10382,2025-07-10,North,Retail,32.0,24.81,0.061,745.49
10383,2025-07-11,South,Partner,5.0,19.03,0.103,85.35
10384,2025-07-11,North,Online,10.0,24.99,0.066,233.41
10385,2025-07-12,North,Retail,11.0,24.12,0.039,254.97
10386,2025-07-12,South,Retail,26.0,20.79,0.018,530.81
10387,2025-07-13,West,Online,17.0,19.26,0.051,310.72
10388,2025-07-13,East,Online,27.0,24.99,0.073,625.47
10389,2025-07-14,East,Online,9.0,24.58,0.025,215.69
10390,2025-07-14,East,Online,19.0,24.56,0.002,465.71
10391,2025-07-15,East,Retail,15.0,26.48,0.015,391.24
10392,2025-07-15,East,Online,8.0,22.72,0.075,168.13
10393,2025-07-16,East,Retail,8.0,28.34,0.0,226.72
10394,2025-07-16,East,Partner,16.0,23.73,0.15,322.73
10395,2025-07-17,North,Partner,27.0,24.46,0.142,566.64
10396,2025-07-17,North,Partner,30.0,21.77,0.088,595.63
10397,2025-07-18,East,Retail,31.0,23.38,0.031,702.31
10398,2025-07-18,North,Online,8.0,27.08,0.055,204.72
10399,2025-07-19,West,Partner,23.0,17.23,0.192,320.2
10400,2025-07-19,South,Online,4.0,15.81,0.035,61.03
10401,2025-07-20,North,Partner,6.0,20.21,0.052,114.95
10402,2025-07-20,West,Partner,19.0,17.21,0.194,263.55
10403,2025-07-21,North,Retail,28.0,27.39,0.043,733.94
10404,2025-07-21,South,Retail,10.0,19.52,0.025,190.32
10405,2025-07-22,North,Online,7.0,24.34,0.0,170.38
10406,2025-07-22,West,Retail,32.0,15.5,0.047,472.69
10407,2025-07-23,South,Online,24.0,19.88,0.021,467.1
10408,2025-07-23,East,Online,32.0,25.68,0.022,803.68
10409,2025-07-24,North,Online,4.0,26.5,0.07,98.58
10410,2025-07-24,East,Retail,37.0,22.26,0.029,799.74
10411,2025-07-25,East,Partner,32.0,25.51,0.082,749.38
10412,2025-07-25,South,Online,33.0,19.76,0.05,619.48
10413,2025-07-26,West,Online,4.0,15.45,0.043,59.14
10414,2025-07-26,South,Online,26.0,18.95,0.005,490.24
10415,2025-07-27,South,Online,22.0,18.34,0.028,392.18
10416,2025-07-27,East,Online,8.0,18.19,0.049,138.39
10417,2025-07-28,East,Retail,36.0,25.5,0.022,897.8
10418,2025-07-28,North,Online,33.0,23.35,0.079,709.68
10419,2025-07-29,East,Online,33.0,22.9,0.064,707.34
10420,2025-07-29,North,Online,29.0,18.65,0.04,519.22
10421,2025-07-30,South,Retail,7.0,22.7,0.073,147.3
10422,2025-07-30,East,Online,30.0,24.66,0.003,737.58
10423,2025-07-31,North,Online,18.0,24.54,0.018,433.77
10424,2025-07-31,East,Online,28.0,27.53,0.073,714.57
10425,2025-08-01,North,Partner,24.0,20.7,0.187,403.9
10426,2025-08-01,West,Online,33.0,20.03,0.014,651.74
10427,2025-08-02,South,Retail,21.0,18.4,0.046,368.63
10428,2025-08-02,South,Online,12.0,18.84,0.058,212.97
10429,2025-08-03,East,Partner,26.0,23.79,0.144,529.47
10430,2025-08-03,South,Online,27.0,19.0,0.004,510.95
10431,2025-08-04,East,Retail,12.0,26.78,0.003,320.4
10432,2025-08-04,North,Partner,21.0,22.31,0.087,427.75
10433,2025-08-05,South,Retail,26.0,18.62,0.001,483.64
10434,2025-08-05,South,Online,14.0,18.31,0.007,254.55
10435,2025-08-06,West,Online,7.0,18.85,0.051,125.22
10436,2025-08-06,North,Partner,13.0,19.76,0.089,234.02
10437,2025-08-07,South,Online,33.0,17.74,0.007,581.32
10438,2025-08-07,South,Online,7.0,18.87,0.07,122.84
10439,2025-08-08,South,Partner,16.0,17.59,0.175,232.19
10440,2025-08-08,North,Online,20.0,21.7,0.071,403.19
10441,2025-08-09,South,Online,31.0,17.47,0.049,515.03
10442,2025-08-09,North,Online,15.0,27.01,0.05,384.89
10443,2025-08-10,North,Online,39.0,25.32,0.034,953.91
10444,2025-08-10,West,Online,17.0,19.12,0.054,307.49
10445,2025-08-11,North,Retail,19.0,21.87,0.019,407.63
10446,2025-08-11,South,Online,34.0,24.48,0.021,814.84
10447,2025-08-12,East,Online,18.0,24.81,0.07,415.32
10448,2025-08-12,East,Retail,27.0,23.78,0.016,631.79
10449,2025-08-13,South,Retail,14.0,19.76,0.031,268.06
10450,2025-08-13,East,Retail,27.0,24.76,0.06,628.41
10451,2025-08-14,north,Online,24.0,22.53,0.026,526.66
10452,2025-08-14,South,Retail,39.0,18.95,0.029,717.62
10453,2025-08-15,East,Retail,16.0,29.25,0.073,433.84
10454,2025-08-15,East,Online,9.0,21.79,0.017,192.78
10455,2025-08-16,South,Partner,6.0,20.74,0.173,102.91
10456,2025-08-16,South,Online,20.0,16.5,0.071,306.57
10457,2025-08-17,South,Retail,20.0,23.54,0.022,460.44
10458,2025-08-17,South,Online,4.0,18.17,0.026,70.79
10459,2025-08-18,East,Retail,1.0,23.85,0.071,22.16
10460,2025-08-18,South,Retail,,21.31,0.026,332.1
10461,2025-08-19,South,Retail,2.0,22.14,0.08,40.74
10462,2025-08-19,East,Online,38.0,21.22,0.066,753.14
10463,2025-08-20,South,Partner,31.0,18.13,0.076,519.32
10464,2025-08-20,North,Retail,4.0,18.51,0.018,72.71
10465,2025-08-21,East,Online,31.0,24.34,0.017,741.71
10466,2025-08-21,South,Online,30.0,18.75,0.06,528.75
10467,2025-08-22,East,Retail,29.0,23.13,0.066,626.5
10468,2025-08-22,East,Online,34.0,22.29,0.018,744.22
10469,2025-08-23,South,Retail,28.0,18.04,0.016,497.04
10470,2025-08-23,East,Retail,20.0,22.13,0.019,434.19
10471,2025-08-24,North,Retail,29.0,23.32,0.011,668.84
10472,2025-08-24,South,Partner,32.0,22.79,0.127,636.66
10473,2025-08-25,West,Online,23.0,13.17,0.04,290.79
10474,2025-08-25,South,Online,18.0,18.71,0.05,319.94
10475,2025-08-26,South,Online,23.0,17.95,0.004,411.2
10476,2025-08-26,East,Partner,14.0,25.23,0.172,292.47
10477,2025-08-27,East,Online,16.0,21.62,0.009,342.81
10478,2025-08-27,South,Retail,20.0,18.63,0.022,364.4
10479,2025-08-28,South,Online,,16.4,0.015,484.62
10480,2025-08-28,North,Partner,8.0,23.74,0.166,158.39
10481,2025-08-29,North,Partner,,22.25,0.133,327.94
10482,2025-08-29,North,Online,12.0,21.6,0.011,256.35
10483,2025-08-30,South,Partner,7.0,19.93,0.124,122.21
10484,2025-08-30,West,Retail,12.0,17.38,0.078,192.29
10485,2025-08-31,South,Online,12.0,15.12,0.064,169.83
10486,2025-08-31,South,Online,39.0,20.49,0.052,757.56
10487,2025-09-01,South,Online,16.0,19.72,0.03,306.05
10488,2025-09-01,South,Retail,14.0,18.61,0.032,252.2
10489,2025-09-02,West,Online,16.0,20.46,0.024,319.5
10490,2025-09-02,West,Online,9.0,21.05,0.064,177.33
10491,2025-09-03,South,Online,36.0,16.27,0.064,548.23
10492,2025-09-03,North,Retail,37.0,20.05,0.039,712.92
10493,2025-09-04,West,Retail,16.0,21.87,0.069,325.78
10494,2025-09-04,South,Partner,6.0,22.55,0.099,121.91
10495,2025-09-05,East,Online,1.0,22.15,0.055,20.93
10496,2025-09-05,North,Retail,38.0,19.05,0.022,707.97
10497,2025-09-06,West,Online,33.0,16.41,0.019,531.24
10498,2025-09-06,North,Online,34.0,20.75,0.018,692.8
10499,2025-09-07,South,Partner,23.0,15.04,0.164,289.19
10500,2025-09-07,North,Online,26.0,22.08,0.064,537.34
10501,2025-09-08,South,Partner,30.0,15.8,0.06,445.56
10502,2025-09-08,East,Retail,17.0,20.97,0.066,332.96
10503,2025-09-09,East,Online,33.0,26.29,0.064,812.05
10504,2025-09-09,South,Retail,8.0,17.29,0.035,133.48
10505,2025-09-10,East,Online,18.0,23.82,0.061,402.61
10506,2025-09-10,South,Partner,5.0,20.57,0.078,94.83
10507,2025-09-11,South,Online,31.0,21.03,0.052,618.03
10508,2025-09-11,South,Online,5.0,18.16,0.003,90.53
10509,2025-09-12,North,Retail,20.0,22.11,0.077,408.15
10510,2025-09-12,North,Online,14.0,19.94,0.07,259.62
10511,2025-09-13,East,Online,39.0,28.37,0.013,1092.05
10512,2025-09-13,East,Retail,16.0,25.62,0.061,384.91
10513,2025-09-14,North,Online,6.0,19.24,0.066,107.82
10514,2025-09-14,East,Retail,37.0,24.01,0.003,885.7
10515,2025-09-15,East,Retail,22.0,25.78,0.045,541.64
10516,2025-09-15,South,Partner,21.0,20.2,0.085,388.14
10517,2025-09-16,North,Online,25.0,26.57,0.049,631.7
10518,2025-09-16,East,Retail,39.0,27.43,0.071,993.82
10519,2025-09-17,North,Partner,2.0,20.65,0.183,33.74
10520,2025-09-17,South,Online,29.0,18.78,0.017,535.36
10521,2025-09-18,South,Retail,,15.8,0.044,271.89
10522,2025-09-18,South,Online,6.0,19.62,0.045,112.42
10523,2025-09-19,North,Partner,36.0,22.38,0.141,692.08
10524,2025-09-19,South,Retail,22.0,25.76,0.011,560.49
10525,2025-09-20,South,Partner,36.0,19.24,0.122,608.14
10526,2025-09-20,South,Retail,7.0,13.77,0.014,95.04
10527,2025-09-21,North,Partner,27.0,20.32,0.146,468.54
10528,2025-09-21,West,Online,2.0,18.28,0.054,34.59
10529,2025-09-22,North,Retail,39.0,18.86,0.077,678.9
10530,2025-09-22,North,Online,37.0,19.83,0.037,706.56
10531,2025-09-23,North,Online,35.0,21.09,0.052,699.77
10532,2025-09-23,North,Online,14.0,22.85,0.061,300.39
10533,2025-09-24,South,Retail,28.0,18.59,0.054,492.41
10534,2025-09-24,East,Retail,8.0,21.78,0.053,165.01
10535,2025-09-25,East,Partner,33.0,25.97,0.05,814.16
10536,2025-09-25,North,Online,4.0,20.65,0.07,76.82
10537,2025-09-26,North,Online,29.0,20.75,0.013,593.93
10538,2025-09-26,North,Online,26.0,18.55,0.014,475.55
10539,2025-09-27,East,Retail,12.0,22.03,0.041,253.52
10540,2025-09-27,South,Retail,18.0,20.63,0.047,353.89
10541,2025-09-28,West,Retail,,13.96,0.06,249.33
10542,2025-09-28,East,Retail,1.0,23.82,0.023,23.27
10543,2025-09-29,South,Retail,3.0,20.79,0.076,57.63
10544,2025-09-29,East,Online,28.0,23.06,0.05,613.4
10545,2025-09-30,East,Online,27.0,24.6,0.068,619.03
10546,2025-09-30,North,Online,11.0,19.21,0.038,203.28
10547,2025-10-01,North,Partner,18.0,25.28,0.121,399.98
10548,2025-10-01,South,Retail,31.0,21.75,0.001,673.58
10549,2025-10-02,South,Online,27.0,19.59,0.051,501.95
10550,2025-10-02,North,Online,20.0,17.61,0.034,340.23
10551,2025-10-03,South,Online,34.0,16.39,0.035,537.76
10552,2025-10-03,South,Retail,21.0,21.44,0.026,438.53
10553,2025-10-04,North,Retail,1.0,26.28,0.014,25.91
10554,2025-10-04,North,Partner,18.0,22.74,0.063,383.53
10555,2025-10-05,North,Online,10.0,25.12,0.02,246.18
10556,2025-10-05,North,Online,27.0,20.48,0.071,513.7
10557,2025-10-06,West,Retail,5.0,17.53,0.014,86.42
10558,2025-10-06,North,Partner,39.0,22.0,0.068,799.66
10559,2025-10-07,North,Retail,24.0,23.06,0.069,515.25
10560,2025-10-07,North,Online,32.0,18.18,0.031,563.73
10561,2025-10-08,South,Retail,18.0,21.35,0.062,360.47
10562,2025-10-08,North,Online,3.0,25.31,0.046,72.44
10563,2025-10-09,South,Partner,18.0,16.13,0.111,258.11
10564,2025-10-09,North,Online,,18.61,0.065,348.01
10565,2025-10-10,north,Online,17.0,22.88,0.066,363.29
10566,2025-10-10,East,Retail,10.0,22.36,0.016,220.02
10567,2025-10-11,North,Online,9.0,16.07,0.072,134.22
10568,2025-10-11,South,Retail,4.0,21.02,0.003,83.83
10569,2025-10-12,South,Retail,20.0,19.39,0.0,387.8
10570,2025-10-12,South,Retail,8.0,17.81,0.039,136.92
10571,2025-10-13,East,Online,25.0,29.28,0.024,714.43
10572,2025-10-13,North,Retail,10.0,22.35,0.034,215.9
10573,2025-10-14,West,Online,17.0,16.12,0.038,263.63
10574,2025-10-14,West,Partner,38.0,18.25,0.129,604.04
10575,2025-10-15,East,Partner,21.0,21.4,0.138,387.38
10576,2025-10-15,North,Online,30.0,20.1,0.073,558.98
10577,2025-10-16,East,Online,27.0,24.97,0.028,655.31
10578,2025-10-16,South,Partner,34.0,17.61,0.187,486.78
10579,2025-10-17,East,Online,3.0,22.87,0.052,65.04
10580,2025-10-17,North,Online,28.0,26.17,0.016,721.04
10581,2025-10-18,West,Online,10.0,20.15,0.032,195.05
10582,2025-10-18,West,Online,13.0,20.01,0.057,245.3
10583,2025-10-19,North,Online,36.0,23.32,0.0,839.52
10584,2025-10-19,North,Retail,16.0,23.21,0.062,348.34
10585,2025-10-20,North,Partner,21.0,25.64,0.068,501.83
10586,2025-10-20,East,Retail,18.0,23.95,0.031,417.74
10587,2025-10-21,West,Online,5.0,22.64,0.02,110.94
10588,2025-10-21,West,Online,12.0,15.62,0.043,179.38
10589,2025-10-22,South,Online,6.0,18.36,0.024,107.52
10590,2025-10-22,East,Partner,17.0,20.55,0.067,325.94
10591,2025-10-23,East,Online,1.0,23.14,0.047,22.05
10592,2025-10-23,South,Retail,31.0,20.3,0.025,613.57
10593,2025-10-24,West,Partner,21.0,21.63,0.157,382.92
10594,2025-10-24,South,Online,3.0,17.34,0.049,49.47
10595,2025-10-25,North,Online,39.0,22.01,0.011,848.95
10596,2025-10-25,South,Retail,11.0,18.1,0.033,192.53
10597,2025-10-26,North,Online,14.0,20.15,0.039,271.1
10598,2025-10-26,East,Partner,19.0,21.03,0.062,374.8
10599,2025-10-27,East,Online,21.0,24.15,0.026,493.96
10600,2025-10-27,South,Online,27.0,14.67,0.036,381.83
10447,2025-08-12,East,Online,18.0,24.81,0.07,415.32
10405,2025-07-22,North,Online,7.0,24.34,0.0,170.38
10510,2025-09-12,North,Online,14.0,19.94,0.07,259.62
10456,2025-08-16,South,Online,20.0,16.5,0.071,306.57
10202,2025-04-11,East,Online,13.0,22.57,0.035,283.14
10024,2025-01-12,North,Online,3.0,19.73,0.063,55.46
